{
	"credit": "Made with Blockbench",
	"textures": {
		"1": "item/feather",
		"layer0": "item/watthi-helmet",
		"particle": "item/feather"
	},
	"elements": [
		{
			"from": [4, 0, 0],
			"to": [12, 1, 4],
			"faces": {
				"north": {"uv": [8, 8, 16, 9], "texture": "#layer0"},
				"east": {"uv": [8, 8, 12, 9], "texture": "#layer0"},
				"south": {"uv": [8, 8, 16, 9], "texture": "#layer0"},
				"west": {"uv": [8, 8, 12, 9], "texture": "#layer0"},
				"up": {"uv": [8, 8, 16, 12], "texture": "#layer0"},
				"down": {"uv": [8, 8, 16, 12], "texture": "#layer0"}
			}
		},
		{
			"name": "N",
			"from": [4, 0, 4],
			"to": [12, 4, 4],
			"faces": {
				"north": {"uv": [0, 0, 8, 4], "texture": "#layer0"},
				"east": {"uv": [8, 0, 9, 4], "texture": "#layer0"},
				"south": {"uv": [0, 0, 8, 4], "texture": "#layer0"},
				"west": {"uv": [9, 0, 8, 4], "texture": "#layer0"},
				"up": {"uv": [8, 0, 16, 1], "texture": "#layer0"},
				"down": {"uv": [0, 3, 8, 4], "texture": "#layer0"}
			}
		},
		{
			"name": "S",
			"from": [4, 0, 12],
			"to": [12, 4, 12],
			"faces": {
				"north": {"uv": [8, 0, 16, 4], "texture": "#layer0"},
				"east": {"uv": [8, 0, 9, 4], "texture": "#layer0"},
				"south": {"uv": [8, 0, 16, 4], "texture": "#layer0"},
				"west": {"uv": [9, 0, 8, 4], "texture": "#layer0"},
				"up": {"uv": [8, 0, 16, 1], "texture": "#layer0"},
				"down": {"uv": [8, 0, 16, 1], "texture": "#layer0"}
			}
		},
		{
			"name": "E",
			"from": [12, 0, 4],
			"to": [12, 4, 12],
			"faces": {
				"north": {"uv": [0, 0, 1, 4], "texture": "#layer0"},
				"east": {"uv": [8, 0, 16, 4], "texture": "#layer0"},
				"south": {"uv": [8, 0, 9, 4], "texture": "#layer0"},
				"west": {"uv": [16, 0, 8, 4], "texture": "#layer0"},
				"up": {"uv": [8, 0, 16, 1], "texture": "#layer0"},
				"down": {"uv": [8, 0, 16, 1], "texture": "#layer0"}
			}
		},
		{
			"name": "W",
			"from": [4, 0, 4],
			"to": [4, 4, 12],
			"faces": {
				"north": {"uv": [7, 0, 8, 4], "texture": "#layer0"},
				"east": {"uv": [8, 0, 16, 4], "texture": "#layer0"},
				"south": {"uv": [8, 0, 9, 4], "texture": "#layer0"},
				"west": {"uv": [16, 0, 8, 4], "texture": "#layer0"},
				"up": {"uv": [8, 0, 16, 1], "texture": "#layer0"},
				"down": {"uv": [8, 0, 16, 1], "texture": "#layer0"}
			}
		},
		{
			"name": "UP",
			"from": [4, 4, 4],
			"to": [12, 4, 12],
			"faces": {
				"north": {"uv": [0, 0, 8, 0], "texture": "#missing"},
				"east": {"uv": [0, 0, 8, 0], "texture": "#missing"},
				"south": {"uv": [0, 0, 8, 0], "texture": "#missing"},
				"west": {"uv": [0, 0, 8, 0], "texture": "#missing"},
				"up": {"uv": [8, 0, 16, 8], "texture": "#layer0"},
				"down": {"uv": [8, 0, 16, 8], "texture": "#layer0"}
			}
		},
		{
			"from": [-5.5, 0, 7],
			"to": [2.5, 8, 7],
			"rotation": {"angle": 22.5, "axis": "y", "origin": [0, 0, 0]},
			"faces": {
				"north": {"uv": [0, 0, 16, 16], "texture": "#1"},
				"east": {"uv": [0, 0, 0, 16], "texture": "#missing"},
				"south": {"uv": [16, 0, 0, 16], "texture": "#1"},
				"west": {"uv": [0, 0, 0, 16], "texture": "#missing"},
				"up": {"uv": [0, 0, 16, 0], "texture": "#missing"},
				"down": {"uv": [0, 0, 16, 0], "texture": "#missing"}
			}
		},
		{
			"from": [13.5, 0, 7],
			"to": [21.5, 8, 7],
			"rotation": {"angle": -22.5, "axis": "y", "origin": [16, 0, 0]},
			"faces": {
				"north": {"uv": [16, 0, 0, 16], "texture": "#1"},
				"east": {"uv": [0, 0, 0, 16], "texture": "#missing"},
				"south": {"uv": [0, 0, 16, 16], "texture": "#1"},
				"west": {"uv": [0, 0, 0, 16], "texture": "#missing"},
				"up": {"uv": [0, 0, 16, 0], "texture": "#missing"},
				"down": {"uv": [0, 0, 16, 0], "texture": "#missing"}
			}
		}
	],
	"display": {
		"thirdperson_righthand": {
			"rotation": [90, 0, 0],
			"translation": [0, -2, 4]
		},
		"thirdperson_lefthand": {
			"rotation": [90, 0, 0],
			"translation": [0, -2, 4]
		},
		"firstperson_righthand": {
			"rotation": [0, 115, 0],
			"translation": [0, 6, 0],
			"scale": [0.5, 0.5, 0.5]
		},
		"ground": {
			"translation": [0, 4, 0]
		},
		"gui": {
			"rotation": [15, 135, 0],
			"translation": [1.25, 5, 0]
		},
		"head": {
			"translation": [0, 16, 0],
			"scale": [2, 2, 2]
		},
		"fixed": {
			"rotation": [90, 0, -180],
			"translation": [0, -3.5, -13],
			"scale": [1.75, 1.75, 1.75]
		}
	},
	"groups": [
		0,
		{
			"name": "group",
			"origin": [0, 0, 0],
			"color": 0,
			"children": [1, 2, 3, 4, 5]
		},
		{
			"name": "group",
			"origin": [0, 0, 0],
			"color": 0,
			"children": [6, 7]
		}
	]
}